{
    "dest_port": {
        "mean": 0.2561777243712279,
        "std": 1.2870448322293448,
        "min": -0.38014290277238816,
        "max": 3.7716422044770264,
        "q1": -0.3767850835285956,
        "median": -0.37507449636666346,
        "q3": -0.3520766023006875,
        "iqr": 0.024708481227908086
    },
    "duration": {
        "mean": -0.3210236771591252,
        "std": 0.7698135560557992,
        "min": -0.62237192228558,
        "max": 2.3246947476377042,
        "q1": -0.6223666421244191,
        "median": -0.6213585120054594,
        "q3": -0.5940987897523389,
        "iqr": 0.028267852372080182
    },
    "total_fwd_packets": {
        "mean": 0.0054641389897570405,
        "std": 1.413725496856242,
        "min": -0.011540055757873926,
        "max": 319.0469914747674,
        "q1": -0.00999456649181989,
        "median": -0.00999456649181989,
        "q3": -0.0069035879597118205,
        "iqr": 0.0030909785321080697
    },
    "total_bwd_packets": {
        "mean": 0.005662262464187937,
        "std": 1.413980286365421,
        "min": -0.0104557094616292,
        "max": 318.5217580578224,
        "q1": -0.009301908229460478,
        "median": -0.008148106997291753,
        "q3": -0.005840504532954305,
        "iqr": 0.003461403696506173
    },
    "total_fwd_bytes": {
        "mean": 0.027008738291449376,
        "std": 0.7708415234166776,
        "min": -0.06265331744746558,
        "max": 159.59506919992342,
        "q1": -0.0602523110358072,
        "median": -0.053582848781200586,
        "q3": -0.031707012586090905,
        "iqr": 0.028545298449716296
    },
    "total_bwd_bytes": {
        "mean": 0.003928249115528596,
        "std": 1.4140319901294442,
        "min": -0.007546299124886811,
        "max": 324.20809608762556,
        "q1": -0.007543136045448892,
        "median": -0.007470385218376743,
        "q3": -0.007349661019829481,
        "iqr": 0.00019347502561941048
    },
    "flow_bytes_per_sec": {
        "mean": 0.03770218115653414,
        "std": 1.4095685469951538,
        "min": -12.418580088536313,
        "max": 98.15992795283341,
        "q1": -0.04250712678995544,
        "median": -0.04231092468794492,
        "q3": -0.03573809517334813,
        "iqr": 0.006769031616607309
    },
    "flow_packets_per_sec": {
        "mean": 0.11057927563026176,
        "std": 1.3134546976560337,
        "min": -12.250288090068134,
        "max": 17.852321195707468,
        "q1": -0.209195803534669,
        "median": -0.2087331004950767,
        "q3": -0.09826701433567951,
        "iqr": 0.11092878919898948
    },
    "down_up_ratio": {
        "mean": 0.056506452685504735,
        "std": 0.9856256277893809,
        "min": -1.0945209580304922,
        "max": 5.463642479067148,
        "q1": -1.0945209580304922,
        "median": 0.5450199012439179,
        "q3": 0.5450199012439179,
        "iqr": 1.63954085927441
    }
}