{
    "Packet Length Std": {
        "mean": -0.25841876520538054,
        "std": 0.4788745265146269,
        "min": -0.49956289364380896,
        "max": 6.661506208912438,
        "q1": -0.49624702297329487,
        "median": -0.4531407042566113,
        "q3": -0.3229834215985481,
        "iqr": 0.17326360137474678
    },
    "Avg Bwd Segment Size": {
        "mean": -0.26775161002814407,
        "std": 0.46293594348761363,
        "min": -0.5385430516080887,
        "max": 5.451385259521315,
        "q1": -0.5290536544243968,
        "median": -0.40569149103640195,
        "q3": -0.28074776145112507,
        "iqr": 0.2483058929732717
    },
    "Packet Length Variance": {
        "mean": -0.2419670160731025,
        "std": 0.3469629215539423,
        "min": -0.3142699854579564,
        "max": 12.591105381809513,
        "q1": -0.3142672200203777,
        "median": -0.3137279596925312,
        "q3": -0.3064275830846899,
        "iqr": 0.007839636935687788
    },
    "Max Packet Length": {
        "mean": -0.2502613102330992,
        "std": 0.5232536012989987,
        "min": -0.5012398132760066,
        "max": 11.197021104131029,
        "q1": -0.49841186946035626,
        "median": -0.4545787403177755,
        "q3": -0.3720970456946397,
        "iqr": 0.12631482376571657
    },
    "Bwd Packet Length Std": {
        "mean": -0.27560059741674264,
        "std": 0.32288406651254664,
        "min": -0.42736769761510973,
        "max": 4.241526178253467,
        "q1": -0.42736769761510973,
        "median": -0.42736769761510973,
        "q3": -0.4185387767562073,
        "iqr": 0.008828920858902412
    },
    "Bwd Packet Length Max": {
        "mean": -0.2686674219605218,
        "std": 0.412198215685183,
        "min": -0.4782650546559114,
        "max": 9.101980554495587,
        "q1": -0.47532181483743163,
        "median": -0.4326448374694757,
        "q3": -0.3781949008276008,
        "iqr": 0.09712691400983081
    },
    "Average Packet Size": {
        "mean": -0.23502616252250522,
        "std": 0.5873717104175572,
        "min": -0.6149280928989543,
        "max": 10.05393501469039,
        "q1": -0.5888640950791107,
        "median": -0.3883161118542024,
        "q3": -0.23193212493514034,
        "iqr": 0.3569319701439704
    },
    "Bwd Packet Length Mean": {
        "mean": -0.26775161002815984,
        "std": 0.46293594348751,
        "min": -0.5385430516080892,
        "max": 5.451385259521561,
        "q1": -0.5290536544243969,
        "median": -0.40569149103639696,
        "q3": -0.28074776145111496,
        "iqr": 0.24830589297328193
    },
    "Total Length of Bwd Packets": {
        "mean": 0.0010071149813955197,
        "std": 1.096884502165157,
        "min": -0.007702939992984219,
        "max": 257.20378328412954,
        "q1": -0.007700527318206627,
        "median": -0.007645035798322024,
        "q3": -0.007554158381699413,
        "iqr": 0.00014636893650721468
    },
    "Packet Length Mean": {
        "mean": -0.234737083211181,
        "std": 0.6058745370800134,
        "min": -0.5989374504877794,
        "max": 8.5785098039255,
        "q1": -0.5800796821567931,
        "median": -0.4059596212340206,
        "q3": -0.27521242747251634,
        "iqr": 0.3048672546842767
    },
    "Destination Port": {
        "mean": 0.07185688442539052,
        "std": 1.0689741310447367,
        "min": -0.4569090094815092,
        "max": 2.9907981805472903,
        "q1": -0.4541207515876887,
        "median": -0.4527003183210254,
        "q3": -0.43360338218033034,
        "iqr": 0.020517369407358377
    },
    "Subflow Fwd Bytes": {
        "mean": 0.011124043521943293,
        "std": 0.9975848269384675,
        "min": -0.09375149663884669,
        "max": 199.35182956651332,
        "q1": -0.09096426128173575,
        "median": -0.08322194084531649,
        "q3": -0.06154344362334256,
        "iqr": 0.02942081765839319
    },
    "Subflow Fwd Packets": {
        "mean": 0.0014124030577919026,
        "std": 1.0968521296109572,
        "min": -0.011681487225616584,
        "max": 264.8609604399741,
        "q1": -0.010465337057903678,
        "median": -0.010465337057903678,
        "q3": -0.00803303672247787,
        "iqr": 0.0024323003354258087
    },
    "Total Fwd Packets": {
        "mean": 0.0014124030577919026,
        "std": 1.0968521296109572,
        "min": -0.011681487225616584,
        "max": 264.8609604399741,
        "q1": -0.010465337057903678,
        "median": -0.010465337057903678,
        "q3": -0.00803303672247787,
        "iqr": 0.0024323003354258087
    },
    "PSH Flag Count": {
        "mean": -0.06495904377525318,
        "std": 0.9686621663949746,
        "min": -0.6510944609299295,
        "max": 1.5358754528056404,
        "q1": -0.6510944609299295,
        "median": -0.6510944609299295,
        "q3": 1.5358754528056404,
        "iqr": 2.18696991373557
    },
    "Total Length of Fwd Packets": {
        "mean": 0.011124043521943293,
        "std": 0.9975848269384675,
        "min": -0.09375149663884669,
        "max": 199.35182956651332,
        "q1": -0.09096426128173575,
        "median": -0.08322194084531649,
        "q3": -0.06154344362334256,
        "iqr": 0.02942081765839319
    },
    "Subflow Bwd Bytes": {
        "mean": 0.001007103946640323,
        "std": 1.0968845015298543,
        "min": -0.007702926340915356,
        "max": 257.20758950317844,
        "q1": -0.007700513630435099,
        "median": -0.00764502128938918,
        "q3": -0.007554142527966152,
        "iqr": 0.0001463711024689467
    },
    "Fwd Header Length": {
        "mean": -0.00034949070783696877,
        "std": 1.0969104020706608,
        "min": -1015.1689616324611,
        "max": 0.48674719765260854,
        "q1": 0.0017092241933389088,
        "median": 0.0017117453991266204,
        "q3": 0.0017159474087728066,
        "iqr": 6.723215433897863e-06
    },
    "Fwd IAT Std": {
        "mean": -0.22802323689744808,
        "std": 0.4770986159629745,
        "min": -0.3615704904735922,
        "max": 7.987448373041901,
        "q1": -0.3615704904735922,
        "median": -0.3615704904735922,
        "q3": -0.3586045155642452,
        "iqr": 0.002965974909346969
    },
    "Fwd IAT Max": {
        "mean": -0.21203049829407963,
        "std": 0.5869504476748935,
        "min": -0.39359412339345967,
        "max": 4.26685062331037,
        "q1": -0.39359412339345967,
        "median": -0.39359396804530145,
        "q3": -0.3856283747212748,
        "iqr": 0.007965748672184858
    },
    "act_data_pkt_fwd": {
        "mean": 0.0012058883816688341,
        "std": 1.0968704588947897,
        "min": -0.008925592645410133,
        "max": 302.4704552248035,
        "q1": -0.008925592645410133,
        "median": -0.007467221114678829,
        "q3": -0.004550478053216222,
        "iqr": 0.0043751145921939105
    },
    "Fwd Packet Length Max": {
        "mean": 0.02209464403452603,
        "std": 1.0863306854271977,
        "min": -0.3057584403997883,
        "max": 32.545759975297806,
        "q1": -0.2978168968665818,
        "median": -0.25149122625621045,
        "q3": -0.18134092504621965,
        "iqr": 0.11647597182036215
    }
}