{
    "Source Port": {
        "mean": 34642.75472941514,
        "std": 26646.929347739566,
        "min": 0.0,
        "max": 65535.0,
        "q1": 3261.0,
        "median": 38468.0,
        "q3": 62737.0,
        "iqr": 59476.0
    },
    "Destination Port": {
        "mean": 17710.992965867983,
        "std": 25963.979543412843,
        "min": 0.0,
        "max": 65535.0,
        "q1": 53.0,
        "median": 443.0,
        "q3": 40300.0,
        "iqr": 40247.0
    },
    "Flow Duration": {
        "mean": 2.961054403495577,
        "std": 200.54147513704436,
        "min": 0.0,
        "max": 40662.0,
        "q1": 0.0,
        "median": 0.0,
        "q3": 0.0,
        "iqr": 0.0
    },
    "Total Fwd Packets": {
        "mean": 2.4726908062032162,
        "std": 231.87974031913927,
        "min": 0.0,
        "max": 78802.0,
        "q1": 0.0,
        "median": 0.0,
        "q3": 0.0,
        "iqr": 0.0
    },
    "Total Backward Packets": {
        "mean": 4.689824863006339,
        "std": 369.2785670561946,
        "min": 0.0,
        "max": 78514.0,
        "q1": 0.0,
        "median": 0.0,
        "q3": 0.0,
        "iqr": 0.0
    },
    "Total Length of Fwd Packets": {
        "mean": 270.10220980623905,
        "std": 13979.604637013734,
        "min": 0.0,
        "max": 3388486.0,
        "q1": 0.0,
        "median": 0.0,
        "q3": 0.0,
        "iqr": 0.0
    },
    "Total Length of Bwd Packets": {
        "mean": 4403.380910425844,
        "std": 399728.06047495705,
        "min": 0.0,
        "max": 78139199.0,
        "q1": 0.0,
        "median": 0.0,
        "q3": 0.0,
        "iqr": 0.0
    },
    "Flow Bytes/s": {
        "mean": 4673.483120232084,
        "std": 408991.76447179285,
        "min": 0.0,
        "max": 78805069.0,
        "q1": 0.0,
        "median": 0.0,
        "q3": 0.0,
        "iqr": 0.0
    },
    "Flow Packets/s": {
        "mean": 7.162515669209555,
        "std": 573.3044230573526,
        "min": 0.0,
        "max": 157316.0,
        "q1": 0.0,
        "median": 0.0,
        "q3": 0.0,
        "iqr": 0.0
    },
    "metadata": {
        "timestamp": "2025-04-03T17:28:40.288629",
        "num_samples": 139605,
        "features": [
            "Flow ID",
            "Source IP",
            "Source Port",
            "Destination IP",
            "Destination Port",
            "Protocol",
            "Flow Duration",
            "Total Fwd Packets",
            "Total Backward Packets",
            "Total Length of Fwd Packets",
            "Total Length of Bwd Packets",
            "Flow Bytes/s",
            "Flow Packets/s"
        ]
    }
}